{"train/entropy_loss": 2.321478307247162, "train/policy_gradient_loss": 0.0903685949742794, "train/value_loss": 2.245017319917679, "train/approx_kl": 0.1365269711241126, "train/clip_fraction": 0.6452288031578064, "train/loss": 1.2128772586584091, "train/explained_variance": -139.75347900390625, "train/return_variance": 0.0026028200518339872, "train/value_variance": 0.32397595047950745, "train/n_epochs": 1, "train/clip_range": 0.25, "time/iterations": 1, "time/fps": 15, "time/dps": 15, "time/time_elapsed": 65, "time/total_timesteps": 1024, "train/ratio_monotony": 0.0, "train/ratio_stability": 0.0}
{"train/entropy_loss": 2.3157900869846344, "train/policy_gradient_loss": 0.04816875932738185, "train/value_loss": 0.7792325261980295, "train/approx_kl": 0.14371152501553297, "train/clip_fraction": 0.6608538031578064, "train/loss": 0.4377850256860256, "train/explained_variance": -6784.98388671875, "train/return_variance": 7.285219908226281e-05, "train/value_variance": 0.48763278126716614, "train/n_epochs": 2, "train/clip_range": 0.25, "time/iterations": 2, "time/fps": 21, "time/dps": 21, "time/time_elapsed": 97, "time/total_timesteps": 2048, "train/ratio_monotony": 0.0, "train/ratio_stability": 0.0}
{"train/entropy_loss": 2.357261747121811, "train/policy_gradient_loss": 0.06874819775111973, "train/value_loss": 0.23672293685376644, "train/approx_kl": 0.1262246472761035, "train/clip_fraction": 0.5938895121216774, "train/loss": 0.18710966315120459, "train/explained_variance": -71.10282135009766, "train/return_variance": 0.0035226920153945684, "train/value_variance": 0.26024481654167175, "train/n_epochs": 3, "train/clip_range": 0.25, "time/iterations": 3, "time/fps": 21, "time/dps": 21, "time/time_elapsed": 142, "time/total_timesteps": 3072, "train/ratio_monotony": 0.0, "train/ratio_stability": 0.0}
{"train/entropy_loss": 2.3207165598869324, "train/policy_gradient_loss": 0.05013076134491712, "train/value_loss": 0.17259657196700573, "train/approx_kl": 0.0743312337435782, "train/clip_fraction": 0.4854910746216774, "train/loss": 0.1364290462806821, "train/explained_variance": -7.3928327560424805, "train/return_variance": 0.01860067807137966, "train/value_variance": 0.258829265832901, "train/n_epochs": 4, "train/clip_range": 0.25, "time/iterations": 4, "time/fps": 15, "time/dps": 15, "time/time_elapsed": 258, "time/total_timesteps": 4096, "train/ratio_monotony": 0.0, "train/ratio_stability": 0.0}
{"train/entropy_loss": 2.3565355464816093, "train/policy_gradient_loss": -0.020073902647709474, "train/value_loss": 0.06325820321217179, "train/approx_kl": 0.029649617499671876, "train/clip_fraction": 0.2922537699341774, "train/loss": 0.011555198856513016, "train/explained_variance": -8.225972175598145, "train/return_variance": 0.008509169332683086, "train/value_variance": 0.06577669084072113, "train/n_epochs": 12, "train/clip_range": 0.25, "time/iterations": 5, "time/fps": 7, "time/dps": 17, "time/time_elapsed": 721, "time/total_timesteps": 5120, "train/ratio_monotony": 0.0, "train/ratio_stability": 0.0, "validation/ppo_criterion": 6245.0, "validation/ortools_averagistic_criterion": 1253.5, "validation/random_makepsan": 2621.0, "validation/ratio_to_ortools": 4.98205041885376, "validation/dist_to_ortools": 4991.5, "validation/SPT": 1462.0, "validation/SPT_ratio_to_ortools": 1.1663342714309692, "validation/MWKR": 1491.0, "validation/MWKR_ratio_to_ortools": 1.1894694566726685, "validation/MOPNR": 1438.0, "validation/MOPNR_ratio_to_ortools": 1.1471878290176392}
{"train/entropy_loss": 2.2704584300518036, "train/policy_gradient_loss": 0.07358881225809455, "train/value_loss": 0.07735782023519278, "train/approx_kl": 0.1375108938664198, "train/clip_fraction": 0.5926339328289032, "train/loss": 0.11226772516965866, "train/explained_variance": -5.813995361328125, "train/return_variance": 0.024673977866768837, "train/value_variance": 0.23878656327724457, "train/n_epochs": 13, "train/clip_range": 0.25, "time/iterations": 6, "time/fps": 5, "time/dps": 12, "time/time_elapsed": 1037, "time/total_timesteps": 6144, "train/ratio_monotony": 1.0, "train/ratio_stability": 2.4938173115277227}
{"train/entropy_loss": 2.3545137345790863, "train/policy_gradient_loss": 0.06581417564302683, "train/value_loss": 0.0650614220649004, "train/approx_kl": 0.09515935415402055, "train/clip_fraction": 0.5149274561554193, "train/loss": 0.09834488807246089, "train/explained_variance": -15.28497314453125, "train/return_variance": 0.012086152099072933, "train/value_variance": 0.16088053584098816, "train/n_epochs": 14, "train/clip_range": 0.25, "time/iterations": 7, "time/fps": 5, "time/dps": 11, "time/time_elapsed": 1270, "time/total_timesteps": 7168, "train/ratio_monotony": 1.0, "train/ratio_stability": 2.4938173115277227}
{"train/entropy_loss": 2.3618221431970596, "train/policy_gradient_loss": 0.01603565100231208, "train/value_loss": 0.06318465922959149, "train/approx_kl": 0.04173414409160614, "train/clip_fraction": 0.2822963194921613, "train/loss": 0.04762798035517335, "train/explained_variance": -155.8349609375, "train/return_variance": 0.0002733540895860642, "train/value_variance": 0.04419069364666939, "train/n_epochs": 16, "train/clip_range": 0.25, "time/iterations": 8, "time/fps": 5, "time/dps": 10, "time/time_elapsed": 1497, "time/total_timesteps": 8192, "train/ratio_monotony": 1.0, "train/ratio_stability": 2.4938173115277227}
{"train/entropy_loss": 2.3150172928969064, "train/policy_gradient_loss": -0.01601137057878077, "train/value_loss": 0.050622696755453944, "train/approx_kl": 0.022165917966049165, "train/clip_fraction": 0.17094494154055914, "train/loss": 0.009299977876556417, "train/explained_variance": -0.6782783269882202, "train/return_variance": 0.015437672846019268, "train/value_variance": 0.009511778131127357, "train/n_epochs": 19, "train/clip_range": 0.25, "time/iterations": 9, "time/fps": 4, "time/dps": 10, "time/time_elapsed": 1855, "time/total_timesteps": 9216, "train/ratio_monotony": 1.0, "train/ratio_stability": 2.4938173115277227}
