{"train/entropy_loss": 2.414495497941971, "train/policy_gradient_loss": 0.07191068632528186, "train/value_loss": 0.832807881757617, "train/approx_kl": 0.12356667127460241, "train/clip_fraction": 0.5633370541036129, "train/loss": 0.4883146192878485, "train/explained_variance": 0.043252527713775635, "train/return_variance": 0.006489709950983524, "train/value_variance": 0.0008069720352068543, "train/n_epochs": 1, "train/clip_range": 0.25, "time/iterations": 1, "time/fps": 19, "time/dps": 19, "time/time_elapsed": 51, "time/total_timesteps": 1024, "train/ratio_monotony": 0.0, "train/ratio_stability": 0.0}
{"train/entropy_loss": 2.323245346546173, "train/policy_gradient_loss": 0.06210643146187067, "train/value_loss": 0.10452534584328532, "train/approx_kl": 0.09227369586005807, "train/clip_fraction": 0.5486886166036129, "train/loss": 0.11436910415068269, "train/explained_variance": -10.507771492004395, "train/return_variance": 0.004225843120366335, "train/value_variance": 0.04567713290452957, "train/n_epochs": 2, "train/clip_range": 0.25, "time/iterations": 2, "time/fps": 17, "time/dps": 17, "time/time_elapsed": 118, "time/total_timesteps": 2048, "train/ratio_monotony": 0.0, "train/ratio_stability": 0.0}
{"train/entropy_loss": 2.290334314107895, "train/policy_gradient_loss": 0.03255351789994165, "train/value_loss": 0.07904101232998073, "train/approx_kl": 0.0738041577860713, "train/clip_fraction": 0.4595424123108387, "train/loss": 0.07207402540370822, "train/explained_variance": -274.64312744140625, "train/return_variance": 0.00044530248851515353, "train/value_variance": 0.11387994140386581, "train/n_epochs": 3, "train/clip_range": 0.25, "time/iterations": 3, "time/fps": 16, "time/dps": 16, "time/time_elapsed": 190, "time/total_timesteps": 3072, "train/ratio_monotony": 0.0, "train/ratio_stability": 0.0}
{"train/entropy_loss": 2.379048506418864, "train/policy_gradient_loss": -0.01197220779916582, "train/value_loss": 0.034400110268810145, "train/approx_kl": 0.037299996707588434, "train/clip_fraction": 0.35965401989718276, "train/loss": 0.005227847538966064, "train/explained_variance": -4.68887186050415, "train/return_variance": 0.0038073707837611437, "train/value_variance": 0.017291491851210594, "train/n_epochs": 9, "train/clip_range": 0.25, "time/iterations": 4, "time/fps": 8, "time/dps": 18, "time/time_elapsed": 490, "time/total_timesteps": 4096, "train/ratio_monotony": 0.0, "train/ratio_stability": 0.0}
{"train/entropy_loss": 2.333907808576311, "train/policy_gradient_loss": -0.03627412884088699, "train/value_loss": 0.018507917478148426, "train/approx_kl": 0.026041459258911864, "train/clip_fraction": 0.2312260852860553, "train/loss": -0.027020170097655085, "train/explained_variance": -8.572278022766113, "train/return_variance": 0.0021613244898617268, "train/value_variance": 0.01422878447920084, "train/n_epochs": 16, "train/clip_range": 0.25, "time/iterations": 5, "time/fps": 5, "time/dps": 16, "time/time_elapsed": 979, "time/total_timesteps": 5120, "train/ratio_monotony": 0.0, "train/ratio_stability": 0.0, "validation/ppo_criterion": 6854.0, "validation/ortools_averagistic_criterion": 1244.0, "validation/random_makepsan": 2621.0, "validation/ratio_to_ortools": 5.509646415710449, "validation/dist_to_ortools": 5610.0, "validation/SPT": 1462.0, "validation/SPT_ratio_to_ortools": 1.1752411127090454, "validation/MWKR": 1491.0, "validation/MWKR_ratio_to_ortools": 1.1985530853271484, "validation/MOPNR": 1438.0, "validation/MOPNR_ratio_to_ortools": 1.155948519706726}
{"train/entropy_loss": 2.3405322432518005, "train/policy_gradient_loss": 0.10974972508847713, "train/value_loss": 0.05788977164775133, "train/approx_kl": 0.14122338872402906, "train/clip_fraction": 0.6774553582072258, "train/loss": 0.13869461324065924, "train/explained_variance": -2.9417967796325684, "train/return_variance": 0.0055017718113958836, "train/value_variance": 0.01035368349403143, "train/n_epochs": 17, "train/clip_range": 0.25, "time/iterations": 6, "time/fps": 5, "time/dps": 15, "time/time_elapsed": 1099, "time/total_timesteps": 6144, "train/ratio_monotony": -1.0, "train/ratio_stability": 0.817524115755627}
{"train/entropy_loss": 2.3532639741897583, "train/policy_gradient_loss": 0.09659941820427775, "train/value_loss": 0.06368708657100797, "train/approx_kl": 0.1112333545461297, "train/clip_fraction": 0.5697544664144516, "train/loss": 0.12844296172261238, "train/explained_variance": -18.02776336669922, "train/return_variance": 0.014930637553334236, "train/value_variance": 0.2940228283405304, "train/n_epochs": 18, "train/clip_range": 0.25, "time/iterations": 7, "time/fps": 6, "time/dps": 15, "time/time_elapsed": 1176, "time/total_timesteps": 7168, "train/ratio_monotony": -1.0, "train/ratio_stability": 0.817524115755627}
{"train/entropy_loss": 2.3560840487480164, "train/policy_gradient_loss": 0.037752618722151965, "train/value_loss": 0.030498683801852167, "train/approx_kl": 0.05105970287695527, "train/clip_fraction": 0.3868582621216774, "train/loss": 0.05300196004100144, "train/explained_variance": -4.353453636169434, "train/return_variance": 0.016463344916701317, "train/value_variance": 0.04132154956459999, "train/n_epochs": 19, "train/clip_range": 0.25, "time/iterations": 8, "time/fps": 6, "time/dps": 15, "time/time_elapsed": 1248, "time/total_timesteps": 8192, "train/ratio_monotony": -1.0, "train/ratio_stability": 0.817524115755627}
{"train/entropy_loss": 2.436923325061798, "train/policy_gradient_loss": -0.018428839238670964, "train/value_loss": 0.033132599744324885, "train/approx_kl": 0.035613856511190534, "train/clip_fraction": 0.2724609387417634, "train/loss": -0.0018625394829238455, "train/explained_variance": -3.157221794128418, "train/return_variance": 0.008744447492063046, "train/value_variance": 0.02965112216770649, "train/n_epochs": 22, "train/clip_range": 0.25, "time/iterations": 9, "time/fps": 6, "time/dps": 15, "time/time_elapsed": 1434, "time/total_timesteps": 9216, "train/ratio_monotony": -1.0, "train/ratio_stability": 0.817524115755627}
{"train/entropy_loss": 2.377348341047764, "train/policy_gradient_loss": -0.034372710757452296, "train/value_loss": 0.01983737520640716, "train/approx_kl": 0.02439977588073816, "train/clip_fraction": 0.19970703218132257, "train/loss": -0.02445402290322818, "train/explained_variance": -2.2099156379699707, "train/return_variance": 0.00978897511959076, "train/value_variance": 0.019795028492808342, "train/n_epochs": 26, "train/clip_range": 0.25, "time/iterations": 10, "time/fps": 5, "time/dps": 15, "time/time_elapsed": 1736, "time/total_timesteps": 10240, "train/ratio_monotony": -1.0, "train/ratio_stability": 0.817524115755627, "validation/ppo_criterion": 5921.0, "validation/ortools_averagistic_criterion": 1244.0, "validation/random_makepsan": 2705.0, "validation/ratio_to_ortools": 4.759646415710449, "validation/dist_to_ortools": 4677.0, "validation/SPT": 1462.0, "validation/SPT_ratio_to_ortools": 1.1752411127090454, "validation/MWKR": 1491.0, "validation/MWKR_ratio_to_ortools": 1.1985530853271484, "validation/MOPNR": 1438.0, "validation/MOPNR_ratio_to_ortools": 1.155948519706726}
{"train/entropy_loss": 2.3680679202079773, "train/policy_gradient_loss": 0.07191137317568064, "train/value_loss": 0.018374217674136162, "train/approx_kl": 0.13343087024986744, "train/clip_fraction": 0.6520647332072258, "train/loss": 0.08109848387539387, "train/explained_variance": -5.3013916015625, "train/return_variance": 0.0022014242131263018, "train/value_variance": 0.009192812256515026, "train/n_epochs": 27, "train/clip_range": 0.25, "time/iterations": 11, "time/fps": 6, "time/dps": 15, "time/time_elapsed": 1829, "time/total_timesteps": 11264, "train/ratio_monotony": 0.0, "train/ratio_stability": 0.7837620578778135}
{"train/entropy_loss": 2.3607237935066223, "train/policy_gradient_loss": 0.12719647213816643, "train/value_loss": 0.025842254050076008, "train/approx_kl": 0.09343184437602758, "train/clip_fraction": 0.5411551371216774, "train/loss": 0.14011760149151087,