{"train/entropy_loss": 2.190014362335205, "train/policy_gradient_loss": 0.17050041258335114, "train/value_loss": 1.3372692428529263, "train/approx_kl": 0.3788633272051811, "train/clip_fraction": 0.802734375, "train/loss": 0.8391350395977497, "train/explained_variance": 0.028614282608032227, "train/return_variance": 0.01743164286017418, "train/value_variance": 0.00010490895510884002, "train/n_epochs": 1, "train/clip_range": 0.25, "time/iterations": 1, "time/fps": 19, "time/dps": 19, "time/time_elapsed": 52, "time/total_timesteps": 1024, "train/ratio_monotony": 0.0, "train/ratio_stability": 0.0}
{"train/entropy_loss": 2.2213613390922546, "train/policy_gradient_loss": 0.1437435606494546, "train/value_loss": 0.23744638077914715, "train/approx_kl": 0.2056743111461401, "train/clip_fraction": 0.7142857164144516, "train/loss": 0.2624667454510927, "train/explained_variance": -5.3256940841674805, "train/return_variance": 0.004452497232705355, "train/value_variance": 0.021733995527029037, "train/n_epochs": 2, "train/clip_range": 0.25, "time/iterations": 2, "time/fps": 14, "time/dps": 14, "time/time_elapsed": 144, "time/total_timesteps": 2048, "train/ratio_monotony": 0.0, "train/ratio_stability": 0.0}
{"train/entropy_loss": 2.2647056877613068, "train/policy_gradient_loss": 0.029847017023712397, "train/value_loss": 0.12899379804730415, "train/approx_kl": 0.14873147197067738, "train/clip_fraction": 0.6273716539144516, "train/loss": 0.09434391837567091, "train/explained_variance": -1.1781072616577148, "train/return_variance": 0.023565495386719704, "train/value_variance": 0.07159524410963058, "train/n_epochs": 3, "train/clip_range": 0.25, "time/iterations": 3, "time/fps": 14, "time/dps": 14, "time/time_elapsed": 212, "time/total_timesteps": 3072, "train/ratio_monotony": 0.0, "train/ratio_stability": 0.0}
{"train/entropy_loss": 2.2574481070041656, "train/policy_gradient_loss": 0.07622846332378685, "train/value_loss": 0.13523560855537653, "train/approx_kl": 0.07021554233506322, "train/clip_fraction": 0.4331752248108387, "train/loss": 0.1438462669029832, "train/explained_variance": -37.60768127441406, "train/return_variance": 0.011386031284928322, "train/value_variance": 0.4480108916759491, "train/n_epochs": 4, "train/clip_range": 0.25, "time/iterations": 4, "time/fps": 14, "time/dps": 14, "time/time_elapsed": 280, "time/total_timesteps": 4096, "train/ratio_monotony": 0.0, "train/ratio_stability": 0.0}
{"train/entropy_loss": 2.3138463497161865, "train/policy_gradient_loss": 0.016783053521066904, "train/value_loss": 0.08251361665315926, "train/approx_kl": 0.04167984426021576, "train/clip_fraction": 0.2742745541036129, "train/loss": 0.058039861265569925, "train/explained_variance": -42.20137405395508, "train/return_variance": 0.0020777974277734756, "train/value_variance": 0.08684884756803513, "train/n_epochs": 5, "train/clip_range": 0.25, "time/iterations": 5, "time/fps": 15, "time/dps": 15, "time/time_elapsed": 340, "time/total_timesteps": 5120, "train/ratio_monotony": 0.0, "train/ratio_stability": 0.0, "validation/ppo_criterion": 5096.0, "validation/ortools_averagistic_criterion": 1245.0, "validation/random_makepsan": 2621.0, "validation/ratio_to_ortools": 4.093172550201416, "validation/dist_to_ortools": 3851.0, "validation/SPT": 1462.0, "validation/SPT_ratio_to_ortools": 1.1742972135543823, "validation/MWKR": 1491.0, "validation/MWKR_ratio_to_ortools": 1.1975903511047363, "validation/MOPNR": 1438.0, "validation/MOPNR_ratio_to_ortools": 1.1550201177597046}
{"train/entropy_loss": 2.3037979304790497, "train/policy_gradient_loss": 0.07583853474352509, "train/value_loss": 0.10652774525806308, "train/approx_kl": 0.2055182997137308, "train/clip_fraction": 0.6798270121216774, "train/loss": 0.12910240422934294, "train/explained_variance": -1.2329750061035156, "train/return_variance": 0.03210184723138809, "train/value_variance": 0.023584136739373207, "train/n_epochs": 6, "train/clip_range": 0.25, "time/iterations": 6, "time/fps": 15, "time/dps": 15, "time/time_elapsed": 409, "time/total_timesteps": 6144, "train/ratio_monotony": 1.0, "train/ratio_stability": 1.7196787148594375}
{"train/entropy_loss": 2.251892536878586, "train/policy_gradient_loss": 0.024475431418977678, "train/value_loss": 0.06408368702977896, "train/approx_kl": 0.10100552625954151, "train/clip_fraction": 0.5479910746216774, "train/loss": 0.05651727505028248, "train/explained_variance": -6.20233154296875, "train/return_variance": 0.015369398519396782, "train/value_variance": 0.11868242174386978, "train/n_epochs": 7, "train/clip_range": 0.25, "time/iterations": 7, "time/fps": 14, "time/dps": 14, "time/time_elapsed": 486, "time/total_timesteps": 7168, "train/ratio_monotony": 1.0, "train/ratio_stability": 1.7196787148594375}
{"train/entropy_loss": 2.310569167137146, "train/policy_gradient_loss": 0.014889459610761454, "train/value_loss": 0.0363207128442203, "train/approx_kl": 0.042787079544117056, "train/clip_fraction": 0.31352306591967743, "train/loss": 0.033049816091079265, "train/explained_variance": -14.90627670288086, "train/return_variance": 0.013102494180202484, "train/value_variance": 0.1896832287311554, "train/n_epochs": 10, "train/clip_range": 0.25, "time/iterations": 8, "time/fps": 12, "time/dps": 15, "time/time_elapsed": 670, "time/total_timesteps": 8192, "train/ratio_monotony": 1.0, "train/ratio_stability": 1.7196787148594375}
{"train/entropy_loss": 2.280581902180399, "train/policy_gradient_loss": -0.04343827559413122, "train/value_loss": 0.028861634133915817, "train/approx_kl": 0.025877063686493784, "train/clip_fraction": 0.25083705463579725, "train/loss": -0.029007458527173315, "train/explained_variance": -1.2221362590789795, "train/return_variance": 0.009470677934587002, "train/value_variance": 0.03339283913373947, "train/n_epochs": 17, "train/clip_range": 0.25, "time/iterations": 9, "time/fps": 9, "time/dps": 17, "time/time_elapsed": 975, "time/total_timesteps": 9216, "train/ratio_monotony": 1.0, "train/ratio_stability": 1.7196787148594375}
{"train/entropy_loss": 2.298778973519802, "train/policy_gradient_loss": -0.032505097886314616, "train/value_loss": 0.025614610669435933, "train/approx_kl": 0.0386618850461673, "train/clip_fraction": 0.3021763414144516, "train/loss": -0.019697792900842614, "train/explained_variance": -2.0398378372192383, "train/return_variance": 0.0032228685449808836, "train/value_variance": 0.004987068474292755, "train/n_epochs": 21, "train/clip_range": 0.25, "time/iterations": 10, "time/fps": 8, "time/dps": 18, "time/time_elapsed": 1137, "time/total_timesteps": 10240, "train/ratio_monotony": 1.0, "train/ratio_stability": 1.7196787148594375, "validation/ppo_criterion": 4892.0, "validation/ortools_averagistic_criterion": 1245.0, "validation/random_makepsan": 2705.0, "validation/ratio_to_ortools": 3.9293172359466553, "validation/dist_to_ortools": 3647.0, "validation/SPT": 1462.0, "validation/SPT_ratio_to_ortools": 1.1742972135543823, "validation/MWKR": 1491.0, "validation/MWKR_ratio_to_ortools": 1.1975903511047363, "validation/MOPNR": 1438.0, "validation/MOPNR_ratio_to_ortools": 1.1550201177597046}
{"train/entropy_loss": 2.2566797137260437, "train/policy_gradient_loss": 0.119480786845088, "train/value_loss": 0.027082252549007535, "train/approx_kl": 0.2151664961129427, "train/clip_fraction": 0.73046875, "train/loss": 0.13302191346883774, "train/explained_variance": -38.95857238769531, "train/return_variance": 0.0004954264150001109, "train/value_variance": 0.019968848675489426, "train/n_epochs": 22, "train/clip_range": 0.25, "time/iterations": 11, "time/fps": 9, "time/dps": 18, "time/time_elapsed": 1216, "time/total_timesteps": 11264, "train/ratio_monotony": 1.0, "train/ratio_stability": 0.9417670682730921}
{"train/entropy_loss": 2.2714270055294037, "train/policy_gradient_loss": 0.05573910498060286, "train/value_loss": 0.031000426271930337, "train/approx_kl": 0.09643432730808854, "train/clip_fraction": 0.5210658498108387, "train/loss": 0.07123931730166078,