{"train/entropy_loss": 2.414515197277069, "train/policy_gradient_loss": 0.055762090254575014, "train/value_loss": 0.7960435207933187, "train/approx_kl": 0.13285056501626968, "train/clip_fraction": 0.6183035746216774, "train/loss": 0.4537838529795408, "train/explained_variance": -0.436836838722229, "train/return_variance": 0.00823573861271143, "train/value_variance": 0.0008193926769308746, "train/n_epochs": 1, "train/clip_range": 0.25, "time/iterations": 1, "time/fps": 14, "time/dps": 14, "time/time_elapsed": 71, "time/total_timesteps": 1024, "train/ratio_monotony": 0.0, "train/ratio_stability": 0.0}
{"train/entropy_loss": 2.2501937597990036, "train/policy_gradient_loss": 0.06906709214672446, "train/value_loss": 0.06829635705798864, "train/approx_kl": 0.09916259301826358, "train/clip_fraction": 0.5883091539144516, "train/loss": 0.10321527067571878, "train/explained_variance": -22201.169921875, "train/return_variance": 1.8043944010059931e-06, "train/value_variance": 0.040098126977682114, "train/n_epochs": 2, "train/clip_range": 0.25, "time/iterations": 2, "time/fps": 13, "time/dps": 13, "time/time_elapsed": 152, "time/total_timesteps": 2048, "train/ratio_monotony": 0.0, "train/ratio_stability": 0.0}
{"train/entropy_loss": 2.260823592543602, "train/policy_gradient_loss": 0.03647673362866044, "train/value_loss": 0.09524218691512942, "train/approx_kl": 0.07870083302259445, "train/clip_fraction": 0.5011160746216774, "train/loss": 0.08409782825037837, "train/explained_variance": -47.293006896972656, "train/return_variance": 0.001436874968931079, "train/value_variance": 0.0819164514541626, "train/n_epochs": 3, "train/clip_range": 0.25, "time/iterations": 3, "time/fps": 13, "time/dps": 13, "time/time_elapsed": 232, "time/total_timesteps": 3072, "train/ratio_monotony": 0.0, "train/ratio_stability": 0.0}
{"train/entropy_loss": 2.3507317900657654, "train/policy_gradient_loss": 0.03442999720573425, "train/value_loss": 0.08769250009208918, "train/approx_kl": 0.04036409966647625, "train/clip_fraction": 0.3071986623108387, "train/loss": 0.07827624538913369, "train/explained_variance": -4.336174011230469, "train/return_variance": 0.015032998286187649, "train/value_variance": 0.10085052996873856, "train/n_epochs": 4, "train/clip_range": 0.25, "time/iterations": 4, "time/fps": 13, "time/dps": 13, "time/time_elapsed": 307, "time/total_timesteps": 4096, "train/ratio_monotony": 0.0, "train/ratio_stability": 0.0}
{"train/entropy_loss": 2.2965632187468663, "train/policy_gradient_loss": -0.041090992711750526, "train/value_loss": 0.038972424709105065, "train/approx_kl": 0.03070356176301305, "train/clip_fraction": 0.2785395421087742, "train/loss": -0.021604780323936472, "train/explained_variance": -0.5595932006835938, "train/return_variance": 0.04175128787755966, "train/value_variance": 0.009168093092739582, "train/n_epochs": 11, "train/clip_range": 0.25, "time/iterations": 5, "time/fps": 7, "time/dps": 16, "time/time_elapsed": 672, "time/total_timesteps": 5120, "train/ratio_monotony": 0.0, "train/ratio_stability": 0.0, "validation/ppo_criterion": 6474.0, "validation/ortools_averagistic_criterion": 1242.5, "validation/random_makepsan": 2539.5, "validation/ratio_to_ortools": 5.21046257019043, "validation/dist_to_ortools": 5231.5, "validation/SPT": 1495.0, "validation/SPT_ratio_to_ortools": 1.2032192945480347, "validation/MWKR": 1426.0, "validation/MWKR_ratio_to_ortools": 1.1476861238479614, "validation/MOPNR": 1418.0, "validation/MOPNR_ratio_to_ortools": 1.1412473917007446}
{"train/entropy_loss": 2.3484136164188385, "train/policy_gradient_loss": 0.08137797319795936, "train/value_loss": 0.05001720739528537, "train/approx_kl": 0.13374583050608635, "train/clip_fraction": 0.6217912957072258, "train/loss": 0.10638657631352544, "train/explained_variance": -5.996419906616211, "train/return_variance": 0.0026900076773017645, "train/value_variance": 0.016937511041760445, "train/n_epochs": 12, "train/clip_range": 0.25, "time/iterations": 6, "time/fps": 8, "time/dps": 16, "time/time_elapsed": 756, "time/total_timesteps": 6144, "train/ratio_monotony": -1.0, "train/ratio_stability": 1.3706237424547285}
{"train/entropy_loss": 2.3758963346481323, "train/policy_gradient_loss": 0.043933708453550935, "train/value_loss": 0.08560483157634735, "train/approx_kl": 0.08420982398092747, "train/clip_fraction": 0.5259486623108387, "train/loss": 0.08673612447455525, "train/explained_variance": -26.30164337158203, "train/return_variance": 0.001800485304556787, "train/value_variance": 0.04607207328081131, "train/n_epochs": 13, "train/clip_range": 0.25, "time/iterations": 7, "time/fps": 8, "time/dps": 16, "time/time_elapsed": 828, "time/total_timesteps": 7168, "train/ratio_monotony": -1.0, "train/ratio_stability": 1.3706237424547285}
{"train/entropy_loss": 2.308722674846649, "train/policy_gradient_loss": 0.03610138688236475, "train/value_loss": 0.04121666983701289, "train/approx_kl": 0.054451307747513056, "train/clip_fraction": 0.3550502248108387, "train/loss": 0.056709721218794584, "train/explained_variance": -17.69794273376465, "train/return_variance": 0.00698199775069952, "train/value_variance": 0.12652568519115448, "train/n_epochs": 14, "train/clip_range": 0.25, "time/iterations": 8, "time/fps": 9, "time/dps": 16, "time/time_elapsed": 895, "time/total_timesteps": 8192, "train/ratio_monotony": -1.0, "train/ratio_stability": 1.3706237424547285}
