{"train/entropy_loss": 2.1882244646549225, "train/policy_gradient_loss": 0.23431580513715744, "train/value_loss": 1.1047982070595026, "train/approx_kl": 0.4457011818885803, "train/clip_fraction": 0.7790178582072258, "train/loss": 0.7867149338126183, "train/explained_variance": 0.057927608489990234, "train/return_variance": 0.019584016874432564, "train/value_variance": 7.676154928049073e-05, "train/n_epochs": 1, "train/clip_range": 0.25, "time/iterations": 1, "time/fps": 15, "time/dps": 15, "time/time_elapsed": 65, "time/total_timesteps": 1024, "train/ratio_monotony": 0.0, "train/ratio_stability": 0.0}
{"train/entropy_loss": 2.180334448814392, "train/policy_gradient_loss": 0.12574381288141012, "train/value_loss": 0.2091512456536293, "train/approx_kl": 0.23826130665838718, "train/clip_fraction": 0.7155412957072258, "train/loss": 0.2303194385021925, "train/explained_variance": -1.2528655529022217, "train/return_variance": 0.00565207377076149, "train/value_variance": 0.010800300166010857, "train/n_epochs": 2, "train/clip_range": 0.25, "time/iterations": 2, "time/fps": 13, "time/dps": 13, "time/time_elapsed": 150, "time/total_timesteps": 2048, "train/ratio_monotony": 0.0, "train/ratio_stability": 0.0}
{"train/entropy_loss": 2.242675393819809, "train/policy_gradient_loss": 0.09291615150868893, "train/value_loss": 0.2059146799147129, "train/approx_kl": 0.12954392284154892, "train/clip_fraction": 0.6383928582072258, "train/loss": 0.19587349146604538, "train/explained_variance": -21.32670021057129, "train/return_variance": 0.002550318604335189, "train/value_variance": 0.044953763484954834, "train/n_epochs": 3, "train/clip_range": 0.25, "time/iterations": 3, "time/fps": 13, "time/dps": 13, "time/time_elapsed": 229, "time/total_timesteps": 3072, "train/ratio_monotony": 0.0, "train/ratio_stability": 0.0}
{"train/entropy_loss": 2.2095364034175873, "train/policy_gradient_loss": 0.03058320377022028, "train/value_loss": 0.14522655121982098, "train/approx_kl": 0.06816197605803609, "train/clip_fraction": 0.4813058041036129, "train/loss": 0.10319647891446948, "train/explained_variance": -3.0953521728515625, "train/return_variance": 0.01563381776213646, "train/value_variance": 0.0989050418138504, "train/n_epochs": 4, "train/clip_range": 0.25, "time/iterations": 4, "time/fps": 13, "time/dps": 13, "time/time_elapsed": 312, "time/total_timesteps": 4096, "train/ratio_monotony": 0.0, "train/ratio_stability": 0.0}
{"train/entropy_loss": 2.1893416047096252, "train/policy_gradient_loss": 0.011669055209495127, "train/value_loss": 0.08915299084037542, "train/approx_kl": 0.0357481490354985, "train/clip_fraction": 0.30845424346625805, "train/loss": 0.05624555121175945, "train/explained_variance": 0.3452850580215454, "train/return_variance": 0.020773861557245255, "train/value_variance": 0.01811957359313965, "train/n_epochs": 6, "train/clip_range": 0.25, "time/iterations": 5, "time/fps": 10, "time/dps": 13, "time/time_elapsed": 469, "time/total_timesteps": 5120, "train/ratio_monotony": 0.0, "train/ratio_stability": 0.0, "validation/ppo_criterion": 5477.0, "validation/ortools_averagistic_criterion": 1249.0, "validation/random_makepsan": 2636.0, "validation/ratio_to_ortools": 4.38510799407959, "validation/dist_to_ortools": 4228.0, "validation/SPT": 1446.0, "validation/SPT_ratio_to_ortools": 1.1577261686325073, "validation/MWKR": 1440.0, "validation/MWKR_ratio_to_ortools": 1.15292227268219, "validation/MOPNR": 1452.0, "validation/MOPNR_ratio_to_ortools": 1.1625299453735352}
{"train/entropy_loss": 2.2530439496040344, "train/policy_gradient_loss": 0.12490241136401892, "train/value_loss": 0.10047665890306234, "train/approx_kl": 0.19374365592375398, "train/clip_fraction": 0.6856863871216774, "train/loss": 0.1751407440751791, "train/explained_variance": -9.93691349029541, "train/return_variance": 0.002706900704652071, "train/value_variance": 0.032870735973119736, "train/n_epochs": 7, "train/clip_range": 0.25, "time/iterations": 6, "time/fps": 9, "time/dps": 11, "time/time_elapsed": 623, "time/total_timesteps": 6144, "train/ratio_monotony": 1.0, "train/ratio_stability": 0.8454763811048833}
{"train/entropy_loss": 2.305529445409775, "train/policy_gradient_loss": 0.08208832424134016, "train/value_loss": 0.05759371118620038, "train/approx_kl": 0.10808394197374582, "train/clip_fraction": 0.5311104916036129, "train/loss": 0.1108851796016097, "train/explained_variance": -2.1249899864196777, "train/return_variance": 0.03176889568567276, "train/value_variance": 0.041859883815050125, "train/n_epochs": 8, "train/clip_range": 0.25, "time/iterations": 7, "time/fps": 9, "time/dps": 10, "time/time_elapsed": 776, "time/total_timesteps": 7168, "train/ratio_monotony": 1.0, "train/ratio_stability": 0.8454763811048833}
{"train/entropy_loss": 2.2593223452568054, "train/policy_gradient_loss": 0.03457820962648839, "train/value_loss": 0.041710598859936, "train/approx_kl": 0.04864606074988842, "train/clip_fraction": 0.3472377248108387, "train/loss": 0.055433508940041065, "train/explained_variance": -22.293840408325195, "train/return_variance": 0.00340735143981874, "train/value_variance": 0.08439914882183075, "train/n_epochs": 9, "train/clip_range": 0.25, "time/iterations": 8, "time/fps": 9, "time/dps": 10, "time/time_elapsed": 907, "time/total_timesteps": 8192, "train/ratio_monotony": 1.0, "train/ratio_stability": 0.8454763811048833}
{"train/entropy_loss": 2.2387426011264324, "train/policy_gradient_loss": -0.02029397575824987, "train/value_loss": 0.045871868438553065, "train/approx_kl": 0.03592964942799881, "train/clip_fraction": 0.3185337632894516, "train/loss": 0.0026419585337862372, "train/explained_variance": -0.4494466781616211, "train/return_variance": 0.019585728645324707, "train/value_variance": 0.059004537761211395, "train/n_epochs": 13, "train/clip_range": 0.25, "time/iterations": 9, "time/fps": 7, "time/dps": 10, "time/time_elapsed": 1234, "time/total_timesteps": 9216, "train/ratio_monotony": 1.0, "train/ratio_stability": 0.8454763811048833}
{"train/entropy_loss": 2.2423241049051286, "train/policy_gradient_loss": -0.03379799199756235, "train/value_loss": 0.023876988666597754, "train/approx_kl": 0.028146846464369445, "train/clip_fraction": 0.25599888488650324, "train/loss": -0.021859497297555208, "train/explained_variance": -2.9484968185424805, "train/return_variance": 0.014163208194077015, "train/value_variance": 0.01629703678190708, "train/n_epochs": 18, "train/clip_range": 0.25, "time/iterations": 10, "time/fps": 6, "time/dps": 11, "time/time_elapsed": 1599, "time/total_timesteps": 10240, "train/ratio_monotony": 1.0, "train/ratio_stability": 0.8454763811048833, "validation/ppo_criterion": 5298.0, "validation/ortools_averagistic_criterion": 1249.0, "validation/random_makepsan": 2564.5, "validation/ratio_to_ortools": 4.241793155670166, "validation/dist_to_ortools": 4049.0, "validation/SPT": 1446.0, "validation/SPT_ratio_to_ortools": 1.1577261686325073, "validation/MWKR": 1440.0, "validation/MWKR_ratio_to_ortools": 1.15292227268219, "validation/MOPNR": 1452.0, "validation/MOPNR_ratio_to_ortools": 1.1625299453735352}
{"train/entropy_loss": 2.230322688817978, "train/policy_gradient_loss": 0.12798269372433424, "train/value_loss": 0.031244407640770078, "train/approx_kl": 0.20206143893301487, "train/clip_fraction": 0.7067522332072258, "train/loss": 0.1436048997566104, "train/explained_variance": -4.21071195602417, "train/return_variance": 0.005356623325496912, "train/value_variance": 0.027517693117260933, "train/n_epochs": 19, "train/clip_range": 0.25, "time/iterations": 11, "time/fps": 6, "time/dps": 11, "time/time_elapsed": 1674, "time/total_timesteps": 11264, "train/ratio_monotony": 1.0, "train/ratio_stability": 0.4943955164131304}
{"train/entropy_loss": 2.307699292898178, "train/policy_gradient_loss": 0.05214877426624298, "train/value_loss": 0.10410069953650236, "train/approx_kl": 0.09452088503167033, "train/clip_fraction": 0.5220424123108387, "train/loss": 0.10419912356883287,