{"train/entropy_loss": 2.1339336037635803, "train/policy_gradient_loss": 0.22229891829192638, "train/value_loss": 1.5233357548713684, "train/approx_kl": 0.37371600791811943, "train/clip_fraction": 0.7780412957072258, "train/loss": 0.9839667901396751, "train/explained_variance": -0.008210539817810059, "train/return_variance": 0.023630859330296516, "train/value_variance": 0.00010539336653891951, "train/n_epochs": 1, "train/clip_range": 0.25, "time/iterations": 1, "time/fps": 16, "time/dps": 16, "time/time_elapsed": 61, "time/total_timesteps": 1024, "train/ratio_monotony": 0.0, "train/ratio_stability": 0.0}
