{"train/entropy_loss": 2.41117525100708, "train/policy_gradient_loss": 0.07142627751454711, "train/value_loss": 0.7184045650064945, "train/approx_kl": 0.12453626003116369, "train/clip_fraction": 0.5450613871216774, "train/loss": 0.4306285586208105, "train/explained_variance": -0.04408442974090576, "train/return_variance": 0.008508819155395031, "train/value_variance": 0.0008294002036564052, "train/n_epochs": 1, "train/clip_range": 0.25, "time/iterations": 1, "time/fps": 13, "time/dps": 13, "time/time_elapsed": 78, "time/total_timesteps": 1024, "train/ratio_monotony": 0.0, "train/ratio_stability": 0.0}
{"train/entropy_loss": 2.343814268708229, "train/policy_gradient_loss": 0.05289747263304889, "train/value_loss": 0.11291337758302689, "train/approx_kl": 0.08015112020075321, "train/clip_fraction": 0.5186941996216774, "train/loss": 0.10935415979474783, "train/explained_variance": -4.1770453453063965, "train/return_variance": 0.013236441649496555, "train/value_variance": 0.04410328343510628, "train/n_epochs": 2, "train/clip_range": 0.25, "time/iterations": 2, "time/fps": 7, "time/dps": 7, "time/time_elapsed": 270, "time/total_timesteps": 2048, "train/ratio_monotony": 0.0, "train/ratio_stability": 0.0}
{"train/entropy_loss": 2.3298122733831406, "train/policy_gradient_loss": 0.05664029577746987, "train/value_loss": 0.12715583480894566, "train/approx_kl": 0.07466166326776147, "train/clip_fraction": 0.4966517873108387, "train/loss": 0.12021821271628141, "train/explained_variance": -0.868114709854126, "train/return_variance": 0.03154083713889122, "train/value_variance": 0.05326918140053749, "train/n_epochs": 3, "train/clip_range": 0.25, "time/iterations": 3, "time/fps": 5, "time/dps": 5, "time/time_elapsed": 571, "time/total_timesteps": 3072, "train/ratio_monotony": 0.0, "train/ratio_stability": 0.0}
{"train/entropy_loss": 2.3543845117092133, "train/policy_gradient_loss": 0.007802034728229046, "train/value_loss": 0.05251826345920563, "train/approx_kl": 0.038044448097934946, "train/clip_fraction": 0.3228236623108387, "train/loss": 0.0340611666906625, "train/explained_variance": -5.6300740242004395, "train/return_variance": 0.005619749892503023, "train/value_variance": 0.051107730716466904, "train/n_epochs": 5, "train/clip_range": 0.25, "time/iterations": 4, "time/fps": 5, "time/dps": 6, "time/time_elapsed": 778, "time/total_timesteps": 4096, "train/ratio_monotony": 0.0, "train/ratio_stability": 0.0}
{"train/entropy_loss": 2.3293650150299072, "train/policy_gradient_loss": -0.03989684932942813, "train/value_loss": 0.027467235495957237, "train/approx_kl": 0.02416965090863717, "train/clip_fraction": 0.2244931192447742, "train/loss": -0.02616323115459333, "train/explained_variance": -7.831269264221191, "train/return_variance": 0.005984798073768616, "train/value_variance": 0.040344346314668655, "train/n_epochs": 11, "train/clip_range": 0.25, "time/iterations": 5, "time/fps": 4, "time/dps": 10, "time/time_elapsed": 1045, "time/total_timesteps": 5120, "train/ratio_monotony": 0.0, "train/ratio_stability": 0.0, "validation/ppo_criterion": 5919.0, "validation/ortools_averagistic_criterion": 1257.5, "validation/random_makepsan": 2636.0, "validation/ratio_to_ortools": 4.706958293914795, "validation/dist_to_ortools": 4661.5, "validation/SPT": 1446.0, "validation/SPT_ratio_to_ortools": 1.1499005556106567, "validation/MWKR": 1440.0, "validation/MWKR_ratio_to_ortools": 1.1451292037963867, "validation/MOPNR": 1452.0, "validation/MOPNR_ratio_to_ortools": 1.1546720266342163}
{"train/entropy_loss": 2.3413555026054382, "train/policy_gradient_loss": 0.054896831745281816, "train/value_loss": 0.060114962980151176, "train/approx_kl": 0.10517170396633446, "train/clip_fraction": 0.5344587061554193, "train/loss": 0.08495431300252676, "train/explained_variance": -0.26985716819763184, "train/return_variance": 0.014912651851773262, "train/value_variance": 0.011053928174078465, "train/n_epochs": 12, "train/clip_range": 0.25, "time/iterations": 6, "time/fps": 5, "time/dps": 11, "time/time_elapsed": 1115, "time/total_timesteps": 6144, "train/ratio_monotony": -1.0, "train/ratio_stability": 0.8023856858846918}
{"train/entropy_loss": 2.424254149198532, "train/policy_gradient_loss": 0.07252953434363008, "train/value_loss": 0.04711165651679039, "train/approx_kl": 0.0843806928023696, "train/clip_fraction": 0.5164620541036129, "train/loss": 0.09608536353334785, "train/explained_variance": -4.325564384460449, "train/return_variance": 0.005165863316506147, "train/value_variance": 0.01833135448396206, "train/n_epochs": 13, "train/clip_range": 0.25, "time/iterations": 7, "time/fps": 6, "time/dps": 11, "time/time_elapsed": 1170, "time/total_timesteps": 7168, "train/ratio_monotony": -1.0, "train/ratio_stability": 0.8023856858846918}
{"train/entropy_loss": 2.3967897593975067, "train/policy_gradient_loss": 0.03579324018210173, "train/value_loss": 0.03123800875619054, "train/approx_kl": 0.04029077664017677, "train/clip_fraction": 0.31375558115541935, "train/loss": 0.05141224502585828, "train/explained_variance": -8.738422393798828, "train/return_variance": 0.0027473350055515766, "train/value_variance": 0.016569877043366432, "train/n_epochs": 14, "train/clip_range": 0.25, "time/iterations": 8, "time/fps": 6, "time/dps": 11, "time/time_elapsed": 1224, "time/total_timesteps": 8192, "train/ratio_monotony": -1.0, "train/ratio_stability": 0.8023856858846918}
{"train/entropy_loss": 2.3459973856806755, "train/policy_gradient_loss": -0.02841956114571076, "train/value_loss": 0.02713297150330618, "train/approx_kl": 0.027446198015240952, "train/clip_fraction": 0.23894391860812902, "train/loss": -0.014853075059363618, "train/explained_variance": -1.79770827293396, "train/return_variance": 0.01860193721950054, "train/value_variance": 0.030425528064370155, "train/n_epochs": 18, "train/clip_range": 0.25, "time/iterations": 9, "time/fps": 6, "time/dps": 13, "time/time_elapsed": 1411, "time/total_timesteps": 9216, "train/ratio_monotony": -1.0, "train/ratio_stability": 0.8023856858846918}
{"train/entropy_loss": 2.3474691758553186, "train/policy_gradient_loss": -0.012712485678396964, "train/value_loss": 0.02790672266079734, "train/approx_kl": 0.02591215749271214, "train/clip_fraction": 0.2075892873108387, "train/loss": 0.001240876076432566, "train/explained_variance": 0.13460808992385864, "train/return_variance": 0.005250092130154371, "train/value_variance": 0.004426903557032347, "train/n_epochs": 21, "train/clip_range": 0.25, "time/iterations": 10, "time/fps": 6, "time/dps": 14, "time/time_elapsed": 1533, "time/total_timesteps": 10240, "train/ratio_monotony": -1.0, "train/ratio_stability": 0.8023856858846918, "validation/ppo_criterion": 3290.0, "validation/ortools_averagistic_criterion": 1257.5, "validation/random_makepsan": 2564.5, "validation/ratio_to_ortools": 2.616302251815796, "validation/dist_to_ortools": 2032.5, "validation/SPT": 1446.0, "validation/SPT_ratio_to_ortools": 1.1499005556106567, "validation/MWKR": 1440.0, "validation/MWKR_ratio_to_ortools": 1.1451292037963867, "validation/MOPNR": 1452.0, "validation/MOPNR_ratio_to_ortools": 1.1546720266342163}
{"train/entropy_loss": 2.3743464648723602, "train/policy_gradient_loss": 0.05143318139016628, "train/value_loss": 0.03425227291882038, "train/approx_kl": 0.167000537738204, "train/clip_fraction": 0.6794084832072258, "train/loss": 0.0685593169182539, "train/explained_variance": -24.91183090209961, "train/return_variance": 0.00038258268614299595, "train/value_variance": 0.007702603004872799, "train/n_epochs": 22, "train/clip_range": 0.25, "time/iterations": 11, "time/fps": 7, "time/dps": 14, "time/time_elapsed": 1595, "time/total_timesteps": 11264, "train/ratio_monotony": 0.0, "train/ratio_stability": 1.446520874751491}
{"train/entropy_loss": 2.2860257178545, "train/policy_gradient_loss": 0.04027001128997654, "train/value_loss": 0.04123693867586553, "train/approx_kl": 0.046903025679057464, "train/clip_fraction": 0.37109375, "train/loss": 0.060888480860739946,