{"train/entropy_loss": 2.190014362335205, "train/policy_gradient_loss": 0.17050041258335114, "train/value_loss": 1.3372692428529263, "train/approx_kl": 0.3788633272051811, "train/clip_fraction": 0.802734375, "train/loss": 0.8391350395977497, "train/explained_variance": 0.028614282608032227, "train/return_variance": 0.01743164286017418, "train/value_variance": 0.00010490895510884002, "train/n_epochs": 1, "train/clip_range": 0.25, "time/iterations": 1, "time/fps": 10, "time/dps": 10, "time/time_elapsed": 95, "time/total_timesteps": 1024, "train/ratio_monotony": 0.0, "train/ratio_stability": 0.0}
{"train/entropy_loss": 2.2213613390922546, "train/policy_gradient_loss": 0.1437435606494546, "train/value_loss": 0.23744638077914715, "train/approx_kl": 0.2056743111461401, "train/clip_fraction": 0.7142857164144516, "train/loss": 0.2624667454510927, "train/explained_variance": -5.3256940841674805, "train/return_variance": 0.004452497232705355, "train/value_variance": 0.021733995527029037, "train/n_epochs": 2, "train/clip_range": 0.25, "time/iterations": 2, "time/fps": 10, "time/dps": 10, "time/time_elapsed": 201, "time/total_timesteps": 2048, "train/ratio_monotony": 0.0, "train/ratio_stability": 0.0, "validation/ppo_criterion": 5419.0, "validation/ortools_averagistic_criterion": 1262.0, "validation/random_makepsan": 2621.0, "validation/ratio_to_ortools": 4.293977737426758, "validation/dist_to_ortools": 4157.0, "validation/SPT": 1462.0, "validation/SPT_ratio_to_ortools": 1.1584786176681519, "validation/MWKR": 1491.0, "validation/MWKR_ratio_to_ortools": 1.1814579963684082, "validation/MOPNR": 1438.0, "validation/MOPNR_ratio_to_ortools": 1.1394611597061157}
